name,synonyms
javascript,js
javascript,ecmascript
javascript,.js
javascript,javascript-execution
javascript,classic-javascript
javascript,javascript-alert
javascript,javascript-dom
javascript,javascript-disabled
javascript,javascript-library
javascript,javascript-runtime
javascript,vanilla-javascript
javascript,javascript-module
java,java-se
java,.java
java,j2se
java,core-java
java,jdk
java,jre
java,java-libraries
c#,c-sharp
c#,c#.net
c#,c#-language
c#,visual-c#
c#,csharp
c#,.cs-file
php,php-oop
php,php-date
php,php5
php,php-frameworks
php,hypertext-preprocessor
php,php.ini
php,php-cli
php,php-errors
php,php-mail
php,php-cgi
php,php-functions
php,php-readfile
php,php-session
php,php-fpm
php,phtml
android,android-mobile
android,android-sdk
android,android-api
android,android-device
android,android-application
android,android-ui
android,android-framework
jquery,jquery-core
jquery,jquery-live
python,pythonic
python,python-interpreter
python,python-shell
html,html-tag
html,html-attributes
html,div
html,divs
html,nested-divs
html,div-layouts
html,html-comments
html,span
c++,cpp
ios,iphone-os
ios,apple-ios
ios,ios-sdk
mysql,my-sql
mysql,mysql-query
mysql,mysql-server
mysql,mysql-table
mysql,mysqld
mysql,mysqlclient
css,cascading-style-sheet
css,css-layout
css,css-background-image
css,css-attributes
css,css-classes
css,css-height
css,css-columns
css,css2
css,css-inheritance
css,css-centering
css,min-height
css,min-width
css,max-height
css,max-width
css,box-model
css,css-validation
css,style.css-template-file
css,css-display
css,css-line-height
css,css-overflow
css,alternate-stylesheets
css,inline-block
css,css-box-model
css,font-weight
css,css-menu
css,css-reset
sql,sql-query
sql,sql-statement
sql,sql-syntax
sql,sql-select
sql,sqlselect
sql,select-statement
asp.net,asp-net
asp.net,aspx
asp.net,asp.net-website
asp.net,aspdotnet
objective-c,objc
ruby-on-rails,rails
ruby-on-rails,ror
.net,dotnet
.net,dot-net
.net,.net-framework
iphone,iphone-sdk
iphone,iphone-development
iphone,iphone-app
iphone,iphone-programming
iphone,iphone-ios
iphone,iphone-web
arrays,array
arrays,array-of-objects
arrays,javascript-array
arrays,jsonarray
arrays,string-array
arrays,char-array
arrays,mongodb-arrays
arrays,sub-arrays
arrays,character-arrays
arrays,swift-array
angularjs,angular
angularjs,angular.js
sql-server,mssql
sql-server,ms-sql-server
sql-server,sql-srever
json,json-parsing
json,json-encode
json,json-decode
ajax,.ajax
regex,regexp
regex,regular-expression
regex,regular-expressions
regex,regexes
regex,regex-php
regex,perl-regex
regex,perlre
regex,regularexpression
regex,apache-regexp
r,rstats
r,r-language
xml,xml-file
asp.net-mvc,asp-net-mvc
asp.net-mvc,asp.mvc
asp.net-mvc,mvc.net
asp.net-mvc,asp-mvc
asp.net-mvc,asp.net.mvc
asp.net-mvc,aspnet.mvc
asp.net-mvc,aspnet-mvc
node.js,nodejs
node.js,io.js
database,databases
database,db
database,database-structure
database,dbms
xcode,xcode-ide
vb.net,vbproj
vb.net,vb
string,strings
string,string-manipulation
string,str
string,empty-string
swift,swift-language
swift,swift-ios
swift,swift1.2
windows,windows-programming
windows,windows-application
excel,ms-excel
excel,workbook
wordpress,wordpress-loop
wordpress,wordpress-plugin-dev
wordpress,wordpress-mu
wordpress,wordpress-filter
wordpress,wordpress-widget
wordpress,wordpress-permission
wordpress,wp-query
wordpress,wordpress-theme-customize
html5,xhtml5
html5,time-tag
spring,spring-framework
multithreading,threading
multithreading,multithread
multithreading,multi-threaded
multithreading,threads
multithreading,thread
multithreading,cross-threading
facebook,facebook-api
facebook,facebook-sdk
facebook,facebook-application
facebook,facebook-connect
facebook,facebook-sdk-ios
image,images
image,img
image,picture
image,pictures
forms,form
bash,bash-script
bash,bashrc
bash,.bashrc
bash,bash-alias
bash,bash-variables
osx,macosx
osx,macos
osx,mac
winforms,windows-forms
winforms,window-form
winforms,windows-form
winforms,window-forms
winforms,winform
winforms,windows.forms
algorithm,algorithms
algorithm,algorithm-design
mongodb,mongo
mongodb,mongod
apache,httpd
vba,visual-basic-applications
vba,vba-macros
vba,macros-vba
performance,performance-issues
performance,perfomance
performance,performance-tuning
performance,fast
performance,slow
performance,performance-comparison
performance,speed
performance,faster
performance,running-time
performance,speed-up
performance,efficiency
performance,android-performance
performance,javascript-performance
performance,jquery-performance
performance,linq-performance
performance,wcf-performance
performance,application-performance
performance,tuning
performance,slowness
performance,performance-measurement
performance,performance-monitoring
performance,code-efficiency
performance,slow-load
matlab,matlab-ide
matlab,matlab-path
matlab,matlab-toolbox
matlab,mlint
matlab,m-file
swing,javax.swing
swing,java-swing
entity-framework,ef
entity-framework,linq-entity-framework
visual-studio,vs.net
visual-studio,msvs
ruby-on-rails-3,rails3
ruby-on-rails-3,ror3
postgresql,postgres
postgresql,pgsql
postgresql,sql-postgres
list,lists
list,ilist
css3,css-border-image
css3,css-border-radius
css3,css-box-shadow
css3,css-text-overflow
css3,css-text-shadow
web-services,web-service
.htaccess,htaccess
function,functions
function,def
sqlite,sqllite
sqlite,sqlitedatabase
file,files
sql-server-2008,sql2008
sql-server-2008,mssql2008
sql-server-2008,ssms-2008
shell,shell-script
shell,shell-scripting
shell,shell-command
shell,shell-commands
shell,shellscript
visual-studio-2010,vs2010
visual-studio-2010,visual-studio-2010-rtm
visual-studio-2010,msvc10
excel-vba,excel-macro
uitableview,uitable
uitableview,uitableviewcell
uitableview,uitableviewcellaccessory
uitableview,uitableviewcellstylevalue
uitableview,uitableviewstyle
uitableview,uitableviewdatasource
uitableview,uitableviewdelegate
uitableview,uitableviewheader
uitableview,uitableviewfooter
uitableview,uitableview-section
uitableview,uitableviewstylegrouped
uitableview,uitableviewcontroller
uitableview,uitableviewcelll
codeigniter,codeigniter-url
codeigniter,codeigniter-routing
codeigniter,codeigniter-form-helper
codeigniter,codeigniter-validation
codeigniter,codeigniter-activerecord
codeigniter,codeigniter-pagination
wcf,wcf-service
api,apis
cordova,phonegap
rest,restful
rest,restful-web-services
google-maps,google-maps-api
google-maps,gmaps
maven,mvn
validation,validations
validation,validators
validation,validate
validation,form-validation
validation,input-validation
validation,validator
validation,data-validation
class,classes
unit-testing,unit-test
unit-testing,unit-tests
unit-testing,unittest
sockets,socket
sockets,socket-programming
sockets,bsd-sockets
symfony2,symfony
google-chrome,chrome
actionscript-3,as3
tsql,transact-sql
asp.net-mvc-3,mvc3
asp.net-mvc-3,asp.net-mvc-3-validation
loops,loop
loops,looping
loops,iterate
email,mail
sorting,sort
sorting,sorting-algorithm
sorting,array-sorting
security,secure
security,vulnerability
security,vulnerabilities
security,web-security
date,dates
asp.net-mvc-4,mvc4
listview,android-listview
oop,object-oriented-design
oop,object-oriented
oop,oops
oop,object-oriented-modeling
oop,oo-design
python-3.x,python-3
python-3.x,py3k
python-3.x,python3k
python-3.x,python3
user-interface,ui
user-interface,gui
google-app-engine,gae
google-app-engine,appengine
google-app-engine,google-app-engine-java
csv,.csv
csv,comma-separated
csv,tsv
parsing,parser
parsing,parsers
parsing,parse
powershell,windows-powershell
magento,magento-enterprise
magento,magento-extension
magento,magento-theming
magento,magento-catalog
magento,magento-upgrade
magento,magento-admin
magento,magento-widgets
magento,magento-module
flash,adobe-flash
flash,swf
ipad,ipad-sdk
ipad,ipad-splitview
ipad,ipad-ui
internet-explorer,ie
internet-explorer,msie
debugging,debug
debugging,debugger
datetime,datetime-operation
datetime,datetime-functions
datetime,datetime-manipulation
templates,template
session,sessions
variables,variable
variables,vars
azure,windows-azure
pointers,pointer
pointers,ptr
unix,unix-programming
unix,unix-utils
c++11,c++0x
batch-file,windows-batch
batch-file,batch-files
batch-file,winbatch
batch-file,dos-batch
batch-file,bat
batch-file,.bat
batch-file,batch
batch-file,batch-script
batch-file,cmd-script
object,objects
ubuntu,xubuntu
ubuntu,kubuntu
ubuntu,lubuntu
ms-access,microsoft-access
ms-access,mdb
ms-access,accdb
tomcat,apache-tomcat
facebook-graph-api,facebook-graph
url,urls
hadoop,apache-hadoop
amazon-web-services,aws
authentication,auth
authentication,logon
authentication,authenticate
authentication,user-authentication
authentication,client-authentication
winapi,windows-api
winapi,win32
winapi,win32api
winapi,window-api
winapi,windows-sdk
generics,generic
generics,.net-generics
generics,generic-class
generics,swift-generics
generics,java-generics
animation,animations
animation,animated
cakephp,cake
if-statement,if
if-statement,if-else-statement
if-statement,if-then-else
if-statement,if-else
if-statement,else
if-statement,if-then
if-statement,ifelse
if-statement,elseif
if-statement,if-clause
if-statement,if-condition
events,event
redirect,redirects
redirect,redirection
redirect,redirecting
exception,exceptions
for-loop,for
servlets,servlet
servlets,httpservletrequest
servlets,httpservletresponse
servlets,servletcontext
mod-rewrite,rewriteengine
mod-rewrite,rewritecond
mod-rewrite,rewriterule
mod-rewrite,rewritebase
table,tables
dictionary,dict
dictionary,dictionaries
dictionary,map
grails,groovygrails
ssl,tls
inheritance,inheritence
inheritance,inherit
xslt,xsl
xslt,xsltransform
xslt,xsltprocessor
xslt,xsltproc
xslt,xslt-2.0-processors
xslt,xml-transform
caching,cache
caching,cache-coherence
caching,cached
java-ee,jee
java-ee,j2ee
dom,html-dom
dom,htmldocument
flex,adobe-flex
flex,flex-sdk
math,mathematics
math,maths
math,mathematical
math,arithmetic
search,searching
button,buttons
testing,software-testing
testing,tests
testing,test
svn,subversion
express,express.js
express,expressjs
join,joins
join,sql-join
c#-4.0,c#-4-0
audio,sound-api
audio,sound
audio,sounds
stored-procedures,stored-procedure
stored-procedures,sproc
visual-c++,vc++
visual-c++,msvc++
visual-c++,msvc
visual-c++,vc++.net
visual-c++,vc
jquery-mobile,jqm
android-intent,intents
android-intent,intent
android-intent,android-intent-flags
visual-studio-2012,visual-studio-11
visual-studio-2012,vs11
visual-studio-2012,vs2011
visual-studio-2012,vs2012
visual-studio-2012,msvc11
asynchronous,async
asynchronous,asynchronous-processing
video,videos
android-activity,activity
networking,network
design-patterns,pattern
design-patterns,design-pattern
design-patterns,patterns
design-patterns,gof
meteor,meteorjs
meteor,meteor.js
iframe,iframes
recursion,recursive
logging,logger
logging,log
logging,logs
razor,cshtml
razor,vbhtml
razor,razor-web-pages
razor,asp.net-razor-pages
razor,.cshtml
assembly,asm
assembly,assembler
assembly,assembly-language
model-view-controller,mvc
cookies,cookie
encryption,encrypt
encryption,decryption
encryption,decrypt
encryption,cipher
encryption,data-encryption
encryption,encrypted
encryption,deciphering
extjs,sencha
extjs,ext
d3.js,d3
optimization,optimisation
optimization,optimize
optimization,optimizations
optimization,optimizing
optimization,code-optimization
optimization,optimizer
serialization,serialisation
serialization,serialze
serialization,serializing
serialization,serialized
serialization,unserialize
serialization,deserialize
serialization,serialize
xpath,xpath-expression
windows-phone-7,wp7
windows-phone-7,windows-phone-7.5
matrix,matrices
backbone.js,backbone
backbone.js,backbonejs
zend-framework,zf
zend-framework,zend
gwt,google-web-toolkit
jdbc,jdbc-driver
vim,vimrc
vim,gvimrc
vim,gvim
vim,vimscript
layout,layouts
memory-management,memory-usage
memory-management,memory-allocation
memory-management,memory-deallocation
ember.js,ember
ember.js,emberjs
web,www
google-maps-api-3,google-maps-v3
twitter,twitter-api
windows-phone-8,wp8
file-upload,upload-file
file-upload,fileuploader
checkbox,checkboxes
multidimensional-array,multidimensional
multidimensional-array,nested-array
multidimensional-array,rectangular-arrays
multidimensional-array,ndarray
multidimensional-array,3d-array
multidimensional-array,2d-array
vector,vectors
random,random-number-generator
random,pseudo-random-numbers
random,random-generator
random,random-numbers
random,random-number
random,rand
random,random-alpha-generator
random,random-string
random,random-string-generator
random,prng
browser,browsers
browser,web-browser
sql-server-2005,sql2005
sql-server-2005,mssql2005
asp.net-web-api,web-api
mvvm,model-view-viewmodel
visual-studio-2013,vs2013
visual-studio-2013,vs-2013-preview
methods,method
unity3d,unity-game-engine
unity3d,unity
matplotlib,pyplot
matplotlib,pylab
input,inputs
dll,.dll
dll,dlls
dll,dynamic-link-library
dll,dll-hell
plugins,plugin
file-io,file-operations
file-io,output-file
file-io,fileinput
file-io,input-file
file-io,input-files
file-io,infile
file-io,outfile
file-io,output-files
intellij-idea,intellij
intellij-idea,intellij-2016.1
database-design,table-design
database-design,database-modeling
database-design,database-architecture
indexing,index
indexing,indexes
reactjs,react
data-structures,data-structure
web-applications,web-application
web-applications,webapps
web-applications,webapp
knockout.js,knockoutjs
knockout.js,knockout
knockout.js,ko.observablearray
go,golang
go,go-language
selenium-webdriver,selenium2
selenium-webdriver,selenium-webdriver-c#
selenium-webdriver,selenium-webdriver-java
data-binding,wpf-binding
data-binding,databind
reporting-services,reporting-service
reporting-services,ssrs
reporting-services,sql-reporting-services
reporting-services,msrs
reporting-services,ssrs-reports
android-listview,android-listview
visual-studio-2008,vs2008
hash,hashing
hash,hashes
jsf-2,jsf2.0
plot,plotting
service,services
drop-down-menu,selectbox
drop-down-menu,dropdownlist
drop-down-menu,drop-down
encoding,encodings
paypal,paypal-api
yii,yii-framework
yii,yii-mvc
yii,php-yii
yii,yii-db
struct,structs
graph,graphs
replace,search-and-replace
replace,string-replacement
replace,find-and-replace
replace,replacement
replace,text-replacement
deployment,deploy
collections,collection
collections,java-collections-api
apache-spark,spark-cluster-framework
apache-spark,spark
twitter-bootstrap-3,twitter-bootstrap-3.0.2
twitter-bootstrap-3,twitter-bootstrap-3.0
printing,printer
printing,print
scroll,scrolling
graphics,computer-graphics
django-models,django-fields
django-models,django-imagefield
amazon-s3,s3
amazon-s3,aws-s3
solr,apache-solr
tcp,tcpip
amazon-ec2,ec2
amazon-ec2,aws-ec2
types,type
types,datatypes
charts,chart
charts,charting
charts,charting-controls
vbscript,vbs
linq-to-sql,sql-to-linq
linq-to-sql,linq2sql
memory-leaks,memory-leak
ant,apache-ant
foreach,foreach-loop
foreach,enhanced-for-loop
spring-security,acegi
javascript-events,javascript-event
tfs,team-foundation-server
tfs,team-foundation
hyperlink,link
hyperlink,hyperlinks
lambda,lambda-expressions
lambda,lambda-functions
filter,filters
fonts,font
ggplot2,ggplot
ggplot2,qplot
jar,jars
jar,.jar
import,importing
import,imports
playframework,play-mvc
timer,timers
orm,object-relational-mapping
jquery-plugins,jquery-plugin
concurrency,concurrent
concurrency,concurency
version-control,source-control
version-control,revision-control
version-control,scm
version-control,source-code-management
version-control,vcs
version-control,scc
version-control,source-code-control
version-control,sccs
flask,flask-blueprint
dataframe,data-frame
dataframe,dataframes
dataframe,data.frame
dependency-injection,di
colors,color
ios5,ios-5.0
ios5,ios5-sdk
ios5,ios5-compatibility
ios5,iphone-sdk-5.0
binding,bindings
parameters,parameter
combobox,comboboxes
constructor,ctor
constructor,constructors
oracle11g,11g
properties,property
process,processes
cmd,cmd.exe
enums,enum
enums,enumerations
interface,interfaces
opengl-es,opengles
clojure,clj
clojure,cljx
clojure,cljc
build,builds
casting,typecast
casting,cast
casting,type-casting
while-loop,while
while-loop,while-loops
menu,menus
kendo-ui,kendo
android-asynctask,asynctask
download,downloads
download,file-download
module,modules
autocomplete,autocompletion
autocomplete,autocompleter
io,input-output
triggers,trigger
triggers,sql-triggers
ios4,ios-4.0
ios4,iphone-os-4
ios4,iphone-os-4.0
ios4,ios4.1
ios4,ios4.3
ios4,ios4.0.1
ios4,iphone-sdk-4
ios4,iphone-sdk-4.0
architecture,system-architecture
architecture,application-architecture
architecture,solution-architecture
architecture,software-architecture
ssis,integration-services
ssis,dtsx
ssis,ssis-data-transformations
merge,merging
url-rewriting,urlrewrite
url-rewriting,rewrite-url
url-rewriting,rewrite
ionic-framework,ionic
scope,variable-scope
neo4j,neo4j2.0
split,splitting
split,string-split
reference,php-references
reference,references
websocket,websockets
static,static-vs-non-static
terminal,terminals
stl,stl-containers
webforms,webform
webforms,asp.net-webforms
cocos2d-iphone,cocos2d
windows-8,windows-8-preview
scripting,scripts
path,paths
safari,safari-bug
3d,3d-graphics
xsd,xml-schema
compilation,compiling
compilation,compile
windows-7,win7
windows-7,windows-7-api
struts2,struts-2
character-encoding,charset
character-encoding,charset-table
tabs,tab
compiler-errors,compiler-error
compiler-errors,compile-errors
compiler-errors,compile-error
compiler-errors,compilation-error
compiler-errors,compilation-errors
makefile,makefiles
makefile,make
upload,uploads
asp-classic,classic-asp
asp-classic,asp
parallel-processing,parallel-programming
parallel-processing,parallel
parallel-processing,parallelization
parallel-processing,parallelism
parallel-processing,parallel-computing
callback,callbacks
transactions,transaction
permissions,permission
datepicker,datepicker-ui
jqgrid,jquery-grid
insert,inserts
visual-studio-2015,vs2015
dns,domains
dns,domain
compiler-construction,compilers
compiler-construction,compiler
tree,trees
phpmyadmin,myphpadmin
f#,fsharp
cassandra,apache-cassandra
null,nulls
null,nullvalue
null,nil
ms-word,microsoft-word
map,dict
map,dictionaries
map,map
xml-parsing,xml-parser
textbox,textboxes
sql-server-2008-r2,sql2008r2
com,component-object-model
cuda,cuda-kernel
cuda,cudamalloc
outlook,microsoft-office-outlook
localization,l10n
localization,localisation
localization,localize
android-ndk,ndk
crystal-reports,crystal-report
crystal-reports,crystal
crystal-reports,sap-crystal-reports
push-notification,push-notifications
iis-7,iis7
eclipse-plugin,eclipse-plugins
eclipse-plugin,eclipse-plugin-dev
notifications,notification
angular2,angularjs-2
angular2,angularjs-2.0
ios6,iphone-sdk-6.0
routes,route
calendar,calender
group-by,group-by-time-interval
group-by,group-by-all
socket.io,socketio
drag-and-drop,drag-drop
drag-and-drop,dnd
grep,egrep
grep,pgrep
grep,fgrep
header,headers
installation,setup
installation,installing
dialog,dialogs
dialog,dialogbox
dialog,dialogue
lucene,lucene-index
coffeescript,coffee
frameworks,framework
linker,linking
internet-explorer-8,ie8
internet-explorer-8,msie8
stream,streams
asp.net-mvc-2,asp-net-mvc2
asp.net-mvc-2,asp.net-mvc2
asp.net-mvc-2,mvc2
functional-programming,functional
cron,cronjob
dojo,dijit
dojo,dojox
dojo,dojo.data
dojo,dojo-store
dojo,dojo-layer
dojo,dojo.stateful
dojo,dojo-require
user-controls,user-control
vb6,vb-classic
crash,crashes
binary,binary-system
binary,binary-number
.net-4.0,.net4
.net-4.0,.net-framework-4.0
sass,scss
namespaces,namespace
namespaces,namespacing
google-api,google-apis
delegates,delegate
rotation,rotating
rotation,rotate
keyboard,keyboards
macros,macro
macros,custom-macros
windows-runtime,winrt
google-spreadsheet,sheets
google-spreadsheet,google-sheets
gruntjs,grunt
android-edittext,edittext
event-handling,event-handler
event-handling,event-handlers
zend-framework2,zf2
internationalization,i18n
android-actionbar,actionbar
garbage-collection,gc
garbage-collection,garbage-collector
xamarin.ios,monotouch
annotations,annotation
hashmap,hashmaps
django-forms,django-formsets
django-forms,django-modelforms
django-forms,django-modelformsets
django-forms,django-modelform
iterator,iterators
jquery-selectors,jquery-selector
air,adobe-air
attributes,attribute
tags,tag
formatting,formating
language-agnostic,language-independent
x86,80x86
x86,ia32
x86,ia-32
cross-browser,browser-compatibility
entity-framework-4,ef4
django-templates,django-template-tags
cryptography,cryptographic
cryptography,crypto
css-selectors,selectors
css-selectors,pseudo-selectors
css-selectors,last-child
css-selectors,first-child
css-selectors,nth-child
css-selectors,css-sibling
css-selectors,nth-of-type
css-selectors,css-combinators
directory,directories
directory,dir
datatables,jquery-datatables
android-viewpager,viewpager
mercurial,hg
serial-port,rs232
nested,nesting
swift2,swift2.0
swift2,swift2.1
swift2,swift2.2
swift2,swift2.2.1
applet,applets
applet,java-applet
website,websites
resources,resource
doctrine,phpdoctrine
operating-system,os
operating-system,operating-systems
resize,resizing
include,include-files
include,includes
ruby-on-rails-3.2,ruby-on-rails-3.2.1
segmentation-fault,segfault
numbers,number
modal-dialog,modal
passwords,password
statistics,stats
statistics,statistical-analysis
mocking,mock
mocking,mocks
mocking,mocking-framework
coding-style,code-style
coding-style,programming-style
coding-style,coding-convention
coding-style,coding-standards
coding-style,ugly-code
coding-style,clean-code
coding-style,spaghetti-code
coding-style,coding-guidelines
google-drive-sdk,google-drive
google-drive-sdk,google-drive-api
integer,integers
timezone,timezones
timezone,timezoneinfo
xmlhttprequest,xhr
xmlhttprequest,xmlhttp
widget,widgets
rss,rssfeed
gem,gem
rubygems,gem
windows-services,windows-service
windows-services,winservice
java-8,jdk8
java-8,jdk1.8
xampp,xammp
web-config,web.config
initialization,initialisation
initialization,initialize
initialization,uninitialized
seo,seo-friendly
requirejs,require.js
jni,java-native-interface
synchronization,sync
order,reorder
order,reordering
order,ordering
angular-ui-router,ui-router
angular-ui-router,angularjs-ui-router
click,clicked
xcode6,xcode6-beta3
xcode6,xcode6-beta4
playframework-2.0,playframework-2.x
save,saving
make,makefiles
make,make
timestamp,timestamps
stack,stacks
dependencies,dependency
switch-statement,switch
switch-statement,switch-case
db2,ibm-db2
set,sets
command,commands
xhtml,valid-xhtml
return,return-statement
firefox-addon,firefox-extension
documentation,docs
thread-safety,threadsafe
thread-safety,thread-safe
duplicates,duplicate
duplicates,duplicate-entry
duplicates,duplicate-removal
duplicates,duplicate-data
duplicates,duplication
duplicates,deduplication
duplicates,no-duplicates
duplicates,duplicate-content
duplicates,duplicate-detection
duplicates,ignore-duplicates
google-cloud-messaging,gcm
google-cloud-messaging,android-gcm
boolean,bool
filesystems,filesystem
foreign-keys,foreign-key
foreign-keys,fk-relationship
gmail,google-mail
java-me,j2me
java-me,jme
google-play,android-market
google-play,market
google-play,google-play-store
in-app-purchase,iap
icons,icon
kernel,kernel-programming
dataset,datasets
json.net,newtonsoft
polymorphism,polymorphic
jquery-validate,jquery-validation-plugin
arguments,argument
oracle10g,10g
linq-to-entities,l2e
.net-3.5,.net-framework-3.5
content-management-system,cms
windows-installer,msi
gtk,gtk+
styles,style
escaping,escape
escaping,escaped-characters
escaping,escape-sequence
escaping,escape-character
escaping,escaped
escaping,unescape
escaping,string-escaping
escaping,double-escaping
escaping,character-escaping
sms,text-message
sms,text-messages
sms,short-message-service
locking,lock
singleton,singleton-class
singleton,application-singleton
pthreads,pthread
continuous-integration,ci
sbt,simple-build-tool
embedded,embedded-systems
migration,migrations
user,users
jmeter,apache-jmeter
certificate,certificates
full-text-search,fulltext-searching
full-text-search,fts
full-text-search,fulltext
alignment,align
repository,repositories
hex,hexadecimal
hex,hexadecimal-notation
less,lesscss
compression,compress
compression,compressed
usb,usbdevice
silverlight-4.0,silverlight-4
entity-framework-6,ef6
entity-framework-6,entity-framework-6.1
jquery-animate,jquery-animation
jquery-animate,animate
async-await,async-ctp
async-await,await
async-await,.net-async-await
append,appendto
subquery,subqueries
subquery,subselect
printf,sprintf
printf,fprintf
printf,snprintf
printf,vsprintf
printf,vsnprintf
printf,vswprintf
nlp,natural-language-process
nlp,natural-language
nlp,computational-linguistics
nlp,language-processing
google-visualization,google-charts
google-visualization,google-charts-api
google-visualization,google-geochart
refactoring,refactor
computer-vision,machine-vision
computer-vision,cv
web-crawler,webspiders
web-crawler,web-spider
web-crawler,webcrawling
web-crawler,crawler
web-crawler,crawl
web-crawler,crawling
web-crawler,spider
key,keys
ionic,ionic
xamarin.android,monodroid
http-post,post-request
apple-push-notifications,apns
salesforce,salesforce.com
scikit-learn,scikits-learn
scikit-learn,sklearn
css-float,float-css
css-float,css-clear
64bit,x64
themes,theme
pipe,pipes
registry,windows-registry
xmpp,jabber
range,ranges
ssrs-2008,reportingservices-2008
global-variables,global-variable
swt,swtoolkit
report,reports
ibm-mobilefirst,worklight
closures,closure
client-server,server-client
authorization,authorisation
sonarqube,sonar
wordpress-theming,wordpress-themes
subprocess,subprocesses
subprocess,python-subprocess-module
iteration,iterative
out-of-memory,outofmemoryexception
out-of-memory,outofmemoryerror
tdd,testdrivendevelopment
tdd,test-driven
cross-domain,cross-origin
handlebars.js,handlebars
bit-manipulation,bitwise
bit-manipulation,bit-twiddling
sails.js,sailsjs
sails.js,sails
media-queries,media-query
internet-explorer-9,ie9
associations,association
expression,expressions
apache-poi,poi
underscore.js,underscore
try-catch,try
try-catch,catch
try-catch,try-statement
try-catch,try-catch-throw
websphere,ibm-was
rewrite,urlrewrite
rewrite,rewrite-url
rewrite,rewrite
composer-php,composer
interop,interoperability
neural-network,multi-layer-perceptron
neural-network,neural-network-tuning
character,characters
comments,comment
tooltip,tooltips
uml,uml-modelling
uml,uml-modeling
tuples,tuple
shared-libraries,shared-library
shared-libraries,so
ecmascript-6,es6
ecmascript-6,ecmascript-2015
ecmascript-6,es2015
html-parsing,htmlparser
linq-to-xml,xdocument
linq-to-xml,xlinq
mkmapview,uimapview
memcached,memcache
automated-tests,automated-testing
win-universal-app,windows-universal
constraints,constraint
html-lists,ordered-list
html-lists,unordered-list
html-lists,ul
html-lists,li
html-lists,ol
cloud,cloud-computing
internet-explorer-7,ie7
internet-explorer-7,msie7
internet-explorer-7,ie7-bug
task-parallel-library,tpl
max,maximum
ios-simulator,iphone-simulator
ios-simulator,ipad-simulator
byte,bytes
decimal,decimals
schema,schemas
apache-pig,piglatin
apache-pig,pig
facebook-javascript-sdk,facebook-jssdk
signals,signal
profiling,profiling-tools
cxf,apache-cxf
field,fields
textures,texture
tortoisesvn,tsvn
tortoisesvn,tortoise
mapkit,mkmapkit
buffer,buffers
sql-order-by,orderby
sql-order-by,order-by
flex4,adobe-flex-4
left-join,left-outer-join
structure,structures
asp.net-core,asp.net-5
asp.net-core,asp.net-vnext
conditional,conditionals
conditional,conditional-statements
google-plus,google+
domain-driven-design,ddd
fork,forking
http-status-code-404,404
parameter-passing,argument-passing
task,tasks
microsoft-metro,metro-style-app
microsoft-metro,metro-ui
microsoft-metro,metro
text-files,text-file
openerp,odoo
chef,opscode
concatenation,concatenate
ms-office,microsoft-office
ascii,us-ascii
prepared-statement,prepared-statements
scheduled-tasks,task-scheduler
scheduled-tasks,task-scheduling
components,component
adb,android-debug-bridge
background-image,multiple-backgrounds
virtual-machine,vm
border,borders
single-sign-on,sso
apk,android-apk
prototype,prototypes
html-table,td
html-table,rowspan
html-table,colspan
asp.net-identity,aspnet-identity
elisp,emacs-lisp
const,non-const
open-source,open-source-projects
open-source,open-source-contribution
open-source,oss
containers,container
sql-server-ce,sql-compact
sql-server-ce,sql-server-compact
sql-server-ce,sql-mobile
sql-server-ce,mssql-ce
sql-server-ce,sql-ce
artificial-intelligence,ai
wolfram-mathematica,mma
wolfram-mathematica,wri-mathematica
wolfram-mathematica,wolfram
wolfram-mathematica,mathematica
css-position,absolute-positioning
css-position,relative-positioning
css-position,position-fixed
css-position,css-positioning
custom-controls,custom-control
warnings,warning
shader,shaders
dynamics-crm,mscrm
dynamics-crm,microsoft-dynamics-crm
automatic-ref-counting,objc-arc
automatic-ref-counting,arc
windows-xp,winxp
windows-xp,xp
android-linearlayout,linearlayout
storage,storing
branch,branches
branch,branching
yaml,yml
java.util.scanner,java-util-scanner
gorm,grails-orm
gorm,grails-hasmany
hook,hooking
hook,hooks
css-transitions,css3-transitions
action,actions
sprite,sprites
ssas,analysis-services
python-requests,requests
processing,processing.org
command-line-interface,cli
sh,bourne-shell
protocols,protocol
binary-tree,binary-trees
google-calendar,google-calendar-api
inversion-of-control,ioc
system,systems
javamail,javax.mail
android-arrayadapter,arrayadapter
jpeg,jpg
big-o,o-notation
big-o,big-omega
sharepoint-2007,moss-2007
connection-string,connectionstrings
visual-studio-2005,vs2005
.net-4.5,.net-4.5.1
facebook-fql,fql
unique,uniqueness
jboss7.x,jboss-as-7
newline,crlf
cluster-computing,cluster
cluster-computing,clusters
openmp,omp
asset-pipeline,assets-pipeline
static-libraries,static-library
token,tokens
signal-processing,digital-signal-processing
signal-processing,dsp
translation,t9n
compact-framework,.net-cf
compact-framework,cf.net
exchange-server,exchange
naming-conventions,variable-naming
classloader,classloaders
classloader,class-loading
classification,classifier
lazy-loading,lazy-load
customization,customize
customization,customized
abstract-class,abstract-classes
primary-key,primary-keys
overloading,overload
passenger,phusion-passenger
raphael,raphael-js
block,blocks
powerpoint,mspowerpoint
powerpoint,microsoft-powerpoint
powerpoint,ppt
powerpoint,pptx
binary-search-tree,bst
binary-search-tree,binary-search-trees
iis-6,iis6
xss,cross-site-scripting
xss,xss-prevention
iphone-sdk-3.0,iphone-sdk-3
xamarin.forms,xamarin-forms
ssms,sqlservermanagementstudio
ssms,management-studio
ssms,sql-management-studio
constants,constant
each,.each
netty,jboss-netty
accessibility,a11y
flex3,adobe-flex-3
condition,conditions
android-volley,volley
generator,generators
ubuntu-12.04,ubuntu-precise
racket,plt-scheme
racket,drscheme
racket,drracket
oracle-sqldeveloper,sql-developer
ipc,interprocess-communicatio
ipc,inter-process-communicat
corona,coronasdk
javabeans,bean
javabeans,beans
fft,fourier-transform
fft,fourier
jpa-2.0,jpa-2
delay,delayed
stack-overflow,stackoverflowerror
stack-overflow,stackoverflowexception
python-imaging-library,pil
python-imaging-library,python-pil
rounding,round
subclass,subclasses
karma-runner,testacular
karma-runner,karma
prototypejs,prototype.js
combinations,combination
css-animations,css-keyframes
windows-server-2008,win2k8
windows-server-2008,server-2008
function-pointers,pointer-to-function
breeze,breezejs
breeze,breeze.js
android-5.0-lollipop,android-l
android-5.0-lollipop,android-lollipop
std,stdlib
master-pages,masterpage
code-coverage,coverage
orchardcms,orchard
code-generation,code-generator
internet-explorer-11,ie11
string-formatting,stringformat
ibm-bluemix,bluemix
google-cloud-storage,google-storage
margin,negative-margin
subset,subsetting
cluster-analysis,data-clustering
cluster-analysis,clustering
django-queryset,django-queries
django-queryset,queryset
average,avg
marshalling,marshaling
marshalling,marshal
apache-kafka,kafka
load-balancing,load-balance
load-balancing,load-balancer
postback,postbacks
session-cookies,session-cookie
lotus-notes,ibm-notes
dotnetnuke,dnn
dotnetnuke,evoq
pass-by-reference,passing-by-reference
pass-by-reference,call-by-reference
sql-server-2000,sql2000
asmx,asp.net-webmethod
wildcard,wildcards
screen-scraping,scraping
stylesheet,stylesheets
filenames,filename
windows-ce,wince
windows-ce,ce
prism,compositewpf
castle-windsor,windsor
standards,standard
jinja2,jinja
permutation,permutations
web-api,web-api
windows-azure-storage,azure-storage
html-select,html-option
html-select,html.dropdownlist
html-select,select-tag
protocol-buffers,protobuf
protocol-buffers,protobufs
variable-assignment,assignment
svm,support-vector-machines
aop,aspect-oriented
multiple-columns,multi-column
app-config,app.config
visualization,visualisation
guava,google-collections
guava,guava-collections
java-7,java-7.0
java-7,jdk7
realm,realm.io
realm,realmswift
realm,android-realm
bar-chart,bar-graph
bar-chart,barplot
vectorization,vectorize
vectorization,vectorizing
android-support-library,android-compat-lib
build.gradle,build-gradle
batch-processing,batch-process
complexity-theory,complexity
passport.js,passportjs
cross-compiling,cross-compile
wrapper,wrappers
list-comprehension,comprehension
osx-lion,osx-10.7
osx-lion,lion
c++14,c++1y
spreadsheet,spreadsheets
marionette,backbone.marionette
mime-types,mime-type
mime-types,mime-content-type
computer-science,cs
paypal-ipn,ipn
jquery-datatables,jquery-datatables
paint,painting
jodatime,joda
decorator,decorators
ajaxcontroltoolkit,ajaxtoolkit
csrf,xsrf
gdi+,gdiplus
openxml,ooxml
jquery-ui-datepicker,jquery-datepicker
pom.xml,pom
system.reactive,rx
system.reactive,iobservable
system.reactive,iobserver
system.reactive,reactive-extensions
vertical-alignment,vertical-align
internet-explorer-6,ie6
internet-explorer-6,ie6-bug
asp.net-core-mvc,asp.net-mvc-6
ejb-3.0,ejb-3
dreamweaver,adobe-dreamweaver
interpolation,interpolate
azure-web-sites,azure-web-apps
azure-web-sites,azure-app-service
android-tabhost,tabhost
equals,equal
gstreamer,gst
licensing,licence
licensing,licences
licensing,licence-agreement
licensing,licence-agreements
licensing,license
licensing,licenses
licensing,license-agreement
licensing,license-agreements
javadoc,javadocs
guice,google-guice
android-mapview,mapview
perforce,p4
vs-team-services,tfs-service
vs-team-services,team-foundation-service
vs-team-services,vso
vs-team-services,visual-studio-online
form-submit,form-submission
assets,asset
osx-mavericks,mavericks
osx-mavericks,osx-10.9
single-page-application,spa
openstreetmap,osm
x11,x-window-system
x11,x-window
x11,xwindows
elixir,elixir-lang
momentjs,moment.js
add-in,add-ins
sync,sync
indentation,indent
benchmarking,benchmark
benchmarking,benchmarks
header-files,header-file
blogs,blog
blogs,blogging
osx-yosemite,osx-yosemite10.10
actionscript-2,as2
destructor,destructors
websphere-mq,ibm-mq
websphere-mq,mqseries
reportviewer,report-viewer
attachment,attachments
datatemplate,datatemplates
google-chrome-app,chrome-packaged-app
tfsbuild,team-foundation-build
tfsbuild,team-build
internet-explorer-10,ie10
code-first,code-only
infinite-loop,endless-loop
x86-64,amd64
monads,monad
julia-lang,julia
performance-testing,performance-test
performance-testing,web-performance-test
windows-phone-7.1,windows-phone-mango
declaration,declarations
nsfetchedresultscontrolle,nsfetchedresultcontroller
payment,payments
entity-relationship,er
associative-array,associative-arrays
immutability,immutable
immutability,immutable-class
wcf-data-services,ado-net-dataservices
wcf-data-services,ado-net-data-services
wcf-data-services,ado.net-data-services
compass-sass,compass-css
social-networking,social-network
drupal-modules,drupal-module
html-helper,html-helpers
slice,slicing
slice,array-slice
slice,slices
slice,string-slice
preprocessor,preprocessing
preprocessor,preprocess
preprocessor,preprocessor-directives
preprocessor,preprocessor-abuse
zeromq,zmq
google-docs,gdocs
derby,apache-derby
system-calls,system-call
system-calls,syscall
java-ee-6,jee-6
gnu-make,gmake
gnu-make,gnumakefile
gnu-make,gnumakefiles
aptana,aptana-studio
text-to-speech,tts
shared-ptr,boostshared-ptr
shared-ptr,shared-pointers
android-softkeyboard,softkeyboard
shared-memory,shm
exc-bad-access,exec-bad-access
hierarchy,heirarchy
firemonkey,fmx
sequelize.js,sequelize
axis,apache-axis
ctypes,python-ctypes
flash-cs5,cs5
flash-cs5,adobe-flash-cs5
breakpoints,breakpoint
copy-paste,ctrl-c
copy-paste,ctrl-v
sparse-matrix,sparse
sparse-matrix,sparse-array
primes,prime-number
code-injection,injection
sandbox,sandboxing
portlet,portlets
dependency-properties,dependencyproperty
azure-mobile-services,wams
azure-mobile-services,azure-mobile-app
new-operator,operator-new
iostream,iostreams
axapta,dynamics-ax
axapta,microsoft-dynamics-ax
axapta,ax
transformation,transformations
precision,double-precision
precision,floating-point-precision
precision,numeric-precision
precision,finite-precision
precision,half-precision-float
interrupt,interrupts
user-defined-functions,scalar-udf
user-defined-functions,table-udf
user-defined-functions,scalar-function
user-defined-functions,scalar-valued-functions
user-defined-functions,table-valued-functions
wav,.wav
data-modeling,data-modelling
slf4j,sl4j
lotus-domino,domino
operator-keyword,operator
static-methods,static-method
indexoutofboundsexception,arrayindexoutofbounds
apache-storm,storm
h.264,h264
windows-server-2008-r2,windows-2008-r2
birt,birt-report
browser-cache,browser-caching
iad,iads
jmx,mbean
plyr,ddply
javascript-objects,javascriptobject
pickle,cpickle
pickle,unpickling
pickle,pickle-dump
multipartform-data,multipart-form
glassfish-3,glassfish-v3
windows-vista,vista
instantiation,instantiate
getjson,.getjson
workflow-foundation-4,wf-4
workflow-foundation-4,wf4.0
minify,minifier
minify,minification
load-testing,loadtest
google-cloud-platform,google-cloud
lazy-evaluation,laziness
lazy-evaluation,lazy
wcf-ria-services,netriaservices
wcf-ria-services,.net-ria-services
wcf-ria-services,ria-services
common-table-expression,cte
fastcgi,fcgi
implementation,implementation-details
rally,ca-ac
rally,agile-central
keyword,keywords
azure-storage-blobs,windows-azure-blob
enterprise-library,entlib
django-urls,urls.py
tablesorter,jquery-tablesorter
web-parts,visual-web-part
web-parts,webpartzone
web-parts,web-part
tastypie,django-tastypie
servlet-filters,servlet-filter
archive,archives
icalendar,ical
icalendar,ics
java-web-start,jws
java-web-start,javaws
java-web-start,webstart
tostring,object-to-string
long-integer,long
orientdb,orient-db
terminology,programming-terms
mysql-python,mysqldb
android-fragmentactivity,fragmentactivity
sitemap,sitemaps
exit,quit
nvd3.js,nvd3
mongodb-csharp,mongodb-csharp-driver
tokenize,tokenizing
tokenize,tokenizer
tokenize,tokenization
patch,patches
osx-snow-leopard,macos10.6
osx-snow-leopard,snow-leopard
osx-snow-leopard,osx-10.6
dispose,disposing
dispose,disposal
dispose,dispose-pattern
bitwise-operators,bitwise-operations
bitwise-operators,bit-operations
symlink,symbolic-link
symlink,softlink
publish-subscribe,pubsub
abstract-syntax-tree,ast
intervals,interval
actor,actors
dry,dont-repeat-yourself
django-orm,django-many-to-many
django-orm,django-multi-db
ibm-midrange,as400
ibm-midrange,ibm-i
ibm-midrange,iseries
git-submodules,submodule
git-submodules,submodules
bots,bot
cruisecontrol.net,cc.net
cruisecontrol.net,ccnet
email-attachments,email-attachment
mustache,mustache.js
deprecated,deprecation
autowired,autowiring
autowired,autowire
data-warehouse,data-warehousing
conflict,conflicts
number-formatting,numberformat
chart.js,chartjs
nullable,nullable-types
android-ui,android-mobile
android-ui,android-sdk
android-ui,android-api
android-ui,android-device
android-ui,android-application
android-ui,android-ui
android-ui,android-framework
anonymous-function,anonymous-functions
p2p,peer-to-peer
workflow-foundation,wf
history,programming-history
conditional-statements,conditionals
conditional-statements,conditional-statements
delphi-xe,delphi-2011
uisegmentedcontrol,uisegmentcontrol
sql-server-express,sql-express
inner-classes,inner-class
inner-classes,nested-class
smart-pointers,smart-pointer
traversal,traversing
traversal,traverse
android-6.0-marshmallow,android-m
android-6.0-marshmallow,android-marshmallow
google-fusion-tables,fusion-tables
semantics,semantic-meaning
coldfusion-9,cf9
image-resizing,image-resize
multi-tenant,multitenancy
linq-to-objects,linq-to-object
amazon-cloudfront,cloudfront
layer,layers
mvp,model-view-presenter
android-4.0,ice-cream-sandwich
android-4.0,android-ics
jsp-tags,jsp-tag
jsp-tags,jsp-tag-files
line-breaks,line-break
android-4.4-kitkat,kitkat
android-4.4-kitkat,android-4.4
vscode,visual-studio-code
interceptor,interceptors
expressionengine,expression-engine
odoo,odoo
rtf,richtextformat
wif,windows-identity-foundati
windows-server-2003,win2k3
windows-server-2003,server-2003
tiff,tif
sml,standard-ml
python-2.x,python-2
selenium-chromedriver,chromedriver
code-first-migrations,code-first-migrations
android-source,aosp
unix-timestamp,unix-time
xna-4.0,xna4.0
dsl,domain-specific-languages
windows-forms-designer,windows-form-designer
agile,agile-development
bean-validation,jsr-303
profiler,profilers
credentials,credential
infinite-scroll,endless-scroll
gxt,ext-gwt
data-access-layer,dal
permalinks,permalink
multi-select,multiselectlist
globalization,globalisation
globalization,g11n
css-transforms,css-backface-visibility
tridion,sdl-tridion
jobs,job
mobile-website,mobile-web
has-and-belongs-to-many,habtm
libxml2,libxml
saml-2.0,saml2
android-image,android-images
angular-promise,angularjs-promise
collation,collations
back-button,browser-back-button
modalviewcontroller,modal-view-controller
string-comparison,string-compare
android-pendingintent,pendingintent
video.js,videojs
functional-testing,functional-tests
indexeddb,idb
portability,portable
roslyn,roslyn-ctp
impersonation,impersonate
dotnetopenauth,dotnetopenid
allocation,allocations
elementtree,etree
android-styles,android-stylesheets
setter,setters
modeling,modelling
microsoft-dynamics,dynamics
adsense,google-adsense
lift,liftweb
java-io,java.io
access-violation,accessviolationexception
playback,play
py.test,pytest
undefined-behavior,undefined-behaviour
iis-8,iis8
pid,processid
visual-studio-lightswitch,lightswitch
visual-studio-lightswitch,microsoft-lightswitch
visual-studio-lightswitch,vs-lightswitch
google-adwords,adwords
google-adwords,google-adwords-api
ini,.ini
getter,getters
django-south,south
direct3d,d3d
key-bindings,key-binding
html-entities,html-entity
spell-checking,spellchecker
spell-checking,spellcheck
autoload,autoloading
ddl,data-definition-language
specifications,spec
specifications,specification
code-snippets,code-snippet
code-snippets,snippets
code-snippets,snippet
eof,end-of-file
google-play-games,google-play-game-services
static-members,static-member
getter-setter,getters-setters
getter-setter,magical-getters-setters
x509,x.509
bit-shift,bitwise-shift
bit-shift,bit-shift-operators
code-formatting,code-beautification
unmarshalling,unmarshall
outer-join,outer
facebook-page,facebook-fanpage
typeclass,type-classes
user-experience,ux
signals-slots,signal-slot
multicore,multicore-programming
googletest,gtest
duplicate-removal,duplicate
duplicate-removal,duplicate-entry
duplicate-removal,duplicate-removal
duplicate-removal,duplicate-data
duplicate-removal,duplication
duplicate-removal,deduplication
duplicate-removal,no-duplicates
duplicate-removal,duplicate-content
duplicate-removal,duplicate-detection
duplicate-removal,ignore-duplicates
sharding,shards
wpftoolkit,wpf-toolkit
github-pages,gh-pages
tortoisehg,tortoise-hg
restart,restarting
global-asax,global.asax
knockout-2.0,knockoutjs2
key-value-observing,kvo
dynamic-arrays,dynamic-array
substitution,substitute
android-3.0-honeycomb,android-honeycomb
android-3.0-honeycomb,honeycomb
android-3.0-honeycomb,android-3.0
wizard,wizards
web-worker,webworkers
android-2.2-froyo,froyo
android-2.2-froyo,android-froyo
android-2.2-froyo,android-sdk-2.2
android-2.2-froyo,android-2.2
http-status-codes,http-status-code
leiningen,lein
telerik-mvc,teleric-mvc
django-authentication,django-auth
functor,functors
custom-component,customcomponents
literals,literal
lighttpd,lighthttpd
temp-tables,temporary-tables
android-espresso,android-test-kit
credit-card,credit-cards
calculated-columns,computed-column
calculated-columns,computed-columns
event-log,eventlog
event-log,windows-event-log
dvcs,dcvs
acrobat,adobe-acrobat
codec,codecs
entity-framework-core,entity-framework-7
overwrite,overwriting
c3p0,c3po
angle,angles
android-appwidget,appwidget
similarity,string-similarity
similarity,similarity-analyzer
knockout-mapping-plugin,knockoutjs-mapping-plugin
nancy,nancyfx
argument-passing,argument-passing
python-idle,idle
python-idle,idle-ide
friendly-url,pretty-url
php-fpm,php-oop
php-fpm,php-date
php-fpm,php5
php-fpm,php-frameworks
php-fpm,hypertext-preprocessor
php-fpm,php.ini
php-fpm,php-cli
php-fpm,php-errors
php-fpm,php-mail
php-fpm,php-cgi
php-fpm,php-functions
php-fpm,php-readfile
php-fpm,php-session
php-fpm,php-fpm
php-fpm,phtml
weblogic-10.x,weblogic-10
weblogic-10.x,weblogic10.x
sample,samples
decision-tree,decisiontrees
cpu-registers,registers
openoffice.org,open-office
reportingservices-2005,ssrs-2005
case-sensitive,case-sensitivity
read-eval-print-loop,repl
android-4.2-jelly-bean,jelly-bean
android-4.2-jelly-bean,android-jelly-bean
android-4.2-jelly-bean,android-4.2
database-administration,dba
freepascal,fpc
behavior,behaviors
behavior,behaviour
behavior,behaviours
gnupg,gpg
computer-architecture,computer-architecture
performancecounter,performancecounters
performancecounter,queryperformancecounter
void-pointers,void-pointer
amazon-sqs,sqs
jscript,ms-jscript
dst,daylight-savings
dst,daylight-savings-time
dst,daylight
sql-like,like-operator
cpu-architecture,computer-architecture
bookmarks,bookmark
nose,python-nose
nose,nosetests
flv,.flv
amcharts,amchart
visual-foxpro,vfp
httpmodule,iis7httpmodule
deferred,defer
workspace,workspaces
web.py,webpy
7zip,7z
7zip,sevenzip
swingworker,swing-worker
android-cursoradapter,cursoradapter
uibinder,gwt-uibinder
disk,disks
jquery-templates,jquery-tmpl
diacritics,accent
diacritics,accents
diacritics,umlauts
javax.imageio,imageio
at-command,at
microsoft-edge,edge-browser
state-machines,state-machine
subroutine,subroutines
breadcrumbs,breadcrumb
microsoft-sync-framework,syncframework
ubuntu-10.04,ubuntu-lucid
private-key,privatekey
visual-sourcesafe,vss
android-c2dm,c2dm
weak-references,weakreference
imagemap,image-maps
high-availability,ha
azure-storage-tables,azure-tables
azure-storage-tables,windows-azure-tables
appfabric,ms-velocity
userscripts,userscript
phone-number,phone-numbers
saas,software-as-a-service
documentation-generation,documentation-generator
quaternions,quaternion
primitive,primitives
qa,quality-assurance
jboss-arquillian,arquillian
python-module,python-modules
forward-declaration,forward-declarations
true-type-fonts,ttf
true-type-fonts,truetype
appcelerator-titanium,appc-ti
recommendation-engine,recommendation
php-extension,php-modules
production,in-the-wild
phpdoc,phpdocumentor
mac-address,mac-addr
code-reuse,reusable-code
a-star,astar
reusability,reuse
c-strings,c-string
c-strings,cstring
spam-prevention,spam-filtering
spam-prevention,spam-detection
spam-prevention,spam-blocking
spam-prevention,antispam
spam-prevention,spamming
pretty-print,pretty-printing
here-api,nokia-location-api
here-api,nokia-maps
here-api,here-maps
linq-to-nhibernate,linq2nhibernate
android-actionbar-compat,actionbarcompat
add-on,addons
slug,slugs
cil,msil
cil,il
symbolic-math,computer-algebra-systems
symbolic-math,symbolic-computation
memoization,memoize
apache-tika,tika
windows-universal,windows-universal
stdstring,stlstring
stdstring,basic-string
teechart,tchart
floating-point-precision,double-precision
floating-point-precision,floating-point-precision
floating-point-precision,numeric-precision
floating-point-precision,finite-precision
floating-point-precision,half-precision-float
nested-class,inner-class
nested-class,nested-class
application-pool,app-pool
nine-patch,9patch
jcomponent,jcomponents
local-variables,local-variable
discrete-mathematics,discretemath
temporary-files,tmpfile
temporary-files,tempfile
angular-dart,angular.dart
access-denied,access-is-denied
accessor,accessors
grayscale,greyscale
windows-10-mobile,windows-phone-10
android-contentresolver,contentresolver
directoryservices,system.directoryservices
directoryservices,system-directoryservices
custom-data-attribute,data-attribute
custom-data-attribute,data-attributes
document-ready,document.ready
java-6,java-6.0
java-6,java1.6
restructuredtext,rst
non-ascii-characters,non-ascii-chars
non-ascii-characters,accented-strings
wcf-rest,restful-wcf
entity-attribute-value,eav
huffman-coding,huffman-encoding
huffman-coding,huffman
composite-primary-key,multiple-primary-keys
eclipse-pdt,pdt
ios-provisioning,iphone-provisioning
parentheses,parenthesis
file-type,filetypes
web-controls,webcontrol
hard-drive,harddisk
idioms,idiom
nivo-slider,nivo
chromium-embedded,cef
amazon-iam,iam
conditional-operator,question-colon
conditional-operator,shorthand-if
conditional-operator,conditional-expressions
conditional-operator,inline-if
fold,foldr
fold,foldl
sql-loader,sqlldr
bazaar,bzr
rule-engine,rules-engines
rule-engine,rules-engine
date-arithmetic,date-calculation
ef-migrations,code-first-migrations
cstring,c-string
cstring,cstring
actionlink,actionlinks
levenshtein-distance,levenstein
levenshtein-distance,levenshtein
swift-playground,xcode-playground
knapsack-problem,knapsack
android-2.3-gingerbread,gingerbread
android-2.3-gingerbread,android-gingerbread
android-2.3-gingerbread,android-2.3
vb6-migration,vb-to-vb.net
vb6-migration,vb6-conversion
il,msil
il,il
ajax4jsf,a4j
dir,directories
dir,dir
android-audiomanager,audiomanager
use-case,use-cases
exchange-server-2010,exchange-2010
siblings,sibling
ruby-on-rails-4.1,ruby-on-rails-4-1
google-street-view,streetview
google-street-view,street-view
b-tree,b+-tree
matcher,matchers
c3.js,c3
class-method,class-methods
cfml,cf
cfml,cfscript
string-split,splitting
string-split,string-split
carriage-return,carriage-returns
monotouch.dialog,monotouch-dialog
badge,badges
matplotlib-basemap,basemap
browser-detection,browser-sniffing
wai-aria,aria
gulp-watch,gulp.watch
conditional-compilation,ifdef
base-class,baseclasses
codeigniter-url,codeigniter-url
codeigniter-url,codeigniter-routing
codeigniter-url,codeigniter-form-helper
codeigniter-url,codeigniter-validation
codeigniter-url,codeigniter-activerecord
codeigniter-url,codeigniter-pagination
string-literals,stringliteral
like-operator,like-operator
adobe-analytics,omniture
adobe-analytics,site-catalyst
lookup-tables,lookup-table
flash-media-server,fms
bit-fields,bit-field
manager,managers
alphablending,alphablend
java-bytecode-asm,java-asm
nosetests,python-nose
nosetests,nosetests
android-cursorloader,cursorloader
netcat,nc
action-filter,action-filters
picasa,google-picasa
android-pay,google-wallet
envdte,dte
wp-query,wordpress-loop
wp-query,wordpress-plugin-dev
wp-query,wordpress-mu
wp-query,wordpress-filter
wp-query,wordpress-widget
wp-query,wordpress-permission
wp-query,wp-query
wp-query,wordpress-theme-customize
google-nativeclient,google-nacl
google-nativeclient,nativeclient
google-nativeclient,pnacl
fabric-twitter,fabric-twitter
spring-el,spel
vc6,visual-c++-6
avi,.avi
lexical-analysis,lexical-analyzer
lexical-analysis,lexical-analyser
vert.x,vertx.io
vert.x,vertx
vert.x,vertx3
pair,pairs
circular-reference,circular-references
pixelsense,microsoft-surface
dust.js,dust.js-linkedin
crypto++,cryptopp
robot,robots
fluent-interface,fluent-api
berkeley-db,bdb
auto-generate,auto-generation
auto-generate,auto-generated
code-duplication,duplicate-code
value-type,value-types
java.util.logging,java-util-logging
duplicate-data,duplicate
duplicate-data,duplicate-entry
duplicate-data,duplicate-removal
duplicate-data,duplicate-data
duplicate-data,duplication
duplicate-data,deduplication
duplicate-data,no-duplicates
duplicate-data,duplicate-content
duplicate-data,duplicate-detection
duplicate-data,ignore-duplicates
chm,htmlhelp
strongly-typed-dataset,strongly-typed-datasets
.htpasswd,htpasswd
wsh,windows-scripting-host
wsh,windows-script-host
apache-flink,flink
eclipse-wtp,wtp
mail-server,email-server
filepicker.io,ink-file-picker
lme4,lmer
postfix-notation,reverse-polish-notation
amazon-simpledb,simpledb
review,reviews
dynamic-linq,dlinq
deb,.deb
tfs-sdk,tfs-api
directed-acyclic-graphs,dag
byte-order-mark,bom
team-build,team-foundation-build
team-build,team-build
svcutil.exe,svcutil
bnf,backus-naur-form
c89,c90
mvc-mini-profiler,mini-profiler
units-of-measurement,units-of-measure
units-of-measurement,units
self-reference,self-referential
self-reference,self-referencing
distributed-transactions,distributedtransactions
worklight-server,worklight-deployment
osx-leopard,macosx-10.5
osx-leopard,leopard
animated,animations
animated,animated
emmet,emmett
emmet,zencoding
emmet,zen-coding
clustered-index,clustered-indexing
fedex,fedex-api
fedex,fedex-shipping
fractals,fractal
control-flow,flow-of-control
shared-objects,sharedobject
multipeer-connectivity,multipeer-conectivity-ios
maven-jetty-plugin,jetty-maven-plugin
method-chaining,method-chains
method-chaining,method-chain
html5boilerplate,h5bp
url-mapping,urlmappings
infix-notation,infix
mpeg,mpg
embedded-database,embedded-db
ibm-watson-cognitive,ibm-watson
type-systems,typesystem
pkcs#11,pkcs11
game-loop,gameloop
fortify,fortify360
fortify,fortify-software
ilist,lists
ilist,ilist
fix,fix-protocol
web-testing,website-testing
netbeans-plugins,netbeans-plugin
matlab-compiler,matlab-standalone
standards-compliance,conformance
visual-web-developer,visual-web
descriptor,descriptors
strongname,strong-name
strongname,strong-naming
window-managers,windowmanager
strong-typing,strongly-typed
iphone-6-plus,iphone-6+
kalman-filter,kalman
pointer-arithmetic,pointer-math
scala.js,scalajs
diagnostics,diagnostic
nsdocumentdirectory,nsdocumentsdirectory
condition-variable,condition-variables
url-shortener,url-shortening
for-in-loop,for-in
appendto,appendto
qss,qt-stylesheet
codepages,codepage
office365-apps,office365-addin
codeigniter-routing,codeigniter-url
codeigniter-routing,codeigniter-routing
codeigniter-routing,codeigniter-form-helper
codeigniter-routing,codeigniter-validation
codeigniter-routing,codeigniter-activerecord
codeigniter-routing,codeigniter-pagination
google-talk,gtalk
last.fm,lastfm
entity-framework-6.1,ef6
entity-framework-6.1,entity-framework-6.1
onenote,microsoft-office-onenote
postal-code,postcode
mean.io,meanio
exchange-server-2007,exchange-2007
sony-smartwatch,smartwatch
canonical-link,canonical
divide-by-zero,division-by-zero
metal,apple-metal
metal,metal-framework
javax.mail,javax.mail
pkcs#7,pkcs7
srp,single-responsibility
srp,single-responsibility-pri
prism-4,prismv4
circular-buffer,ring-buffer
double-precision,double-precision
double-precision,floating-point-precision
double-precision,numeric-precision
double-precision,finite-precision
double-precision,half-precision-float
applicative,applicative-functor
prng,random-number-generator
prng,pseudo-random-numbers
prng,random-generator
prng,random-numbers
prng,random-number
prng,rand
prng,random-alpha-generator
prng,random-string
prng,random-string-generator
prng,prng
git-filter-branch,filter-branch
oracle-xe,oracle10g-express
oracle-xe,oracle-express
outlook-redemption,redemption
facade,facade-pattern
ax,dynamics-ax
ax,microsoft-dynamics-ax
ax,ax
java-metro-framework,metro-framework
google-account,google-accounts
sql-server-ce-4,sql-ce-4
systems-programming,system-programming
ie-developer-tools,ie8-developer-tools
ie-developer-tools,ie9-developer-tools
dotnetnuke-7,dnn7
osx-server,mac-os-x-server
inter-process-communicat,interprocess-communicatio
inter-process-communicat,inter-process-communicat
url-pattern,urlpatterns
asp.net-mvc-scaffolding,mvcscaffolding
mpich,mpich2
ko.observablearray,knockoutjs
ko.observablearray,knockout
ko.observablearray,ko.observablearray
.net-micro-framework,netmf
order-of-evaluation,evaluation-order
tsv,.csv
tsv,comma-separated
tsv,tsv
jinja,jinja
java-ee-5,jee-5
code-smell,code-smells
camelcasing,camelcase
android-4.3-jelly-bean,android-4.3
uber-api,uber
panoramas,panoramic
iis-5,iis5
greatest-common-divisor,gcd
visual-studio-code,visual-studio-code
parameterized-query,parameterized-queries
reference-type,reference-types
ejb-2.x,ejb2
diffie-hellman,diffiehellman
pty,pseudo-terminals
aws-ec2,ec2
aws-ec2,aws-ec2
ab-testing,split-testing
sketchup,google-sketchup
sketchup,trimble-sketchup
ibm-was,ibm-was
visual-studio-2008-sp1,vs2008sp1
google-chrome-os,chrome-os
snap-framework,snap
zombie-process,zombies
zombie-process,zombie
vk,vkontakte
virtual-method,virtual-methods
duplication,duplicate
duplication,duplicate-entry
duplication,duplicate-removal
duplication,duplicate-data
duplication,duplication
duplication,deduplication
duplication,no-duplicates
duplication,duplicate-content
duplication,duplicate-detection
duplication,ignore-duplicates
javascript-debugger,jsdebug
mspec,machine.specifications
xamarin-forms,xamarin-forms
swift2.2,swift2.0
swift2.2,swift2.1
swift2.2,swift2.2
swift2.2,swift2.2.1
visual-c++-2008,vc9
automatic-properties,auto-properties
hotlinking,hotlink
windows-desktop-gadgets,windows-sidebar
windows-desktop-gadgets,vista-gadget
windows-desktop-gadgets,vista-sidebar
google-reader,google-reader-api
matlab-coder,embedded-matlab
swift2.1,swift2.0
swift2.1,swift2.1
swift2.1,swift2.2
swift2.1,swift2.2.1
script#,scriptsharp
argument-dependent-lookup,adl
visual-studio-macros,vs-macros
php-internals,zend-engine
linq-to-twitter,linq2twitter
async-ctp,async-ctp
async-ctp,await
async-ctp,.net-async-await
audio-player,audio-playing
hgignore,.hgignore
f#-data,fsharp.data
iterable-unpacking,tuple-unpacking
uikit-dynamics,uidynamics
quit,quit
django-widget,django-widgets
fpc,fpc
archetypes,archetype
dotnetnuke-5,dnn5
android-framework,android-mobile
android-framework,android-sdk
android-framework,android-api
android-framework,android-device
android-framework,android-application
android-framework,android-ui
android-framework,android-framework
dynamic-binding,dynamicbinding
ansi-sql,sql-ansi
object-files,object-file
penetration-testing,pen-testing
deduplication,duplicate
deduplication,duplicate-entry
deduplication,duplicate-removal
deduplication,duplicate-data
deduplication,duplication
deduplication,deduplication
deduplication,no-duplicates
deduplication,duplicate-content
deduplication,duplicate-detection
deduplication,ignore-duplicates
java-5,java-5.0
java-5,java1.5
twitter-fabric,fabric-twitter
3d-modelling,3d-modeling
changelog,change-log
progress-db,progress-database
stateless-session-bean,stateless-session-beans
sony-xperia,xperia
printer-control-language,pcl
ruby-c-extension,ruby-c-api
ruby-c-extension,ruby-extension
ruby-c-extension,ruby-ext
eclipse-3.6,eclipse-helios
visual-studio-templates,vstemplate
outlook-web-app,owa
compare-and-swap,atomic-compare-and-swap
tfs-power-tools,tfpt
aero-glass,glass
paradigms,paradigm
c3,c3
character-arrays,array
character-arrays,array-of-objects
character-arrays,javascript-array
character-arrays,jsonarray
character-arrays,string-array
character-arrays,char-array
character-arrays,mongodb-arrays
character-arrays,sub-arrays
character-arrays,character-arrays
character-arrays,swift-array
stackexchange-api,stackoverflow-api
valueinjecter,valueinjector
semantic-versioning,semver
ia-32,80x86
ia-32,ia32
ia-32,ia-32
uefi,efi
asp.net-mvc-controller,asp.net-mvc-controllers
mhtml,mht
plunker,plunkr
transaction-log,transactionlog
sequence-points,sequence-point
azure-mobile-app,wams
azure-mobile-app,azure-mobile-app
ecmascript-7,es7
cortana-intelligence,cortana-analytics
lsp,liskov-substitution
lsp,liskov-substitution-prin
lsp,liskov-substitution-princ
uitableviewcelll,uitable
uitableviewcelll,uitableviewcell
uitableviewcelll,uitableviewcellaccessory
uitableviewcelll,uitableviewcellstylevalue
uitableviewcelll,uitableviewstyle
uitableviewcelll,uitableviewdatasource
uitableviewcelll,uitableviewdelegate
uitableviewcelll,uitableviewheader
uitableviewcelll,uitableviewfooter
uitableviewcelll,uitableview-section
uitableviewcelll,uitableviewstylegrouped
uitableviewcelll,uitableviewcontroller
uitableviewcelll,uitableviewcelll
cydia-substrate,mobilesubstrate
lpsolve,lpsolveapi
xll,excel-xll
codeigniter-form-helper,codeigniter-url
codeigniter-form-helper,codeigniter-routing
codeigniter-form-helper,codeigniter-form-helper
codeigniter-form-helper,codeigniter-validation
codeigniter-form-helper,codeigniter-activerecord
codeigniter-form-helper,codeigniter-pagination
angularjs-2.0,angularjs-2
angularjs-2.0,angularjs-2.0
non-greedy,ungreedy
kubuntu,xubuntu
kubuntu,kubuntu
kubuntu,lubuntu
css-reset,cascading-style-sheet
css-reset,css-layout
css-reset,css-background-image
css-reset,css-attributes
css-reset,css-classes
css-reset,css-height
css-reset,css-columns
css-reset,css2
css-reset,css-inheritance
css-reset,css-centering
css-reset,min-height
css-reset,min-width
css-reset,max-height
css-reset,max-width
css-reset,box-model
css-reset,css-validation
css-reset,style.css-template-file
css-reset,css-display
css-reset,css-line-height
css-reset,css-overflow
css-reset,alternate-stylesheets
css-reset,inline-block
css-reset,css-box-model
css-reset,font-weight
css-reset,css-menu
css-reset,css-reset
non-deterministic,non-determinism
table-variable,table-variables
wpf-style,wpfstyle
integer-promotion,integral-promotion
for-xml,forxml
qlayout,qt-layout
inline-functions,inline-function
idempotent,idempotence
idempotent,idempotency
windows-mobile-5.0,wm5
clearcase-remote-client,ccrc
lmer,lmer
typo3-flow,flow3
conditionals,conditionals
conditionals,conditional-statements
one-definition-rule,onedefinitionrule
one-definition-rule,odr
multiuserchat,muc
sparse-array,sparse
sparse-array,sparse-array
significant-digits,significant-figures
android-2.1-eclair,android-2.1
xubuntu,xubuntu
xubuntu,kubuntu
xubuntu,lubuntu
appcelerator-alloy,appc-alloy
jazz,jazz
jump-list,jump-lists
composite-controls,compositecontrol
mockups,mockup
windows-error-reporting,wer
symbolic-computation,computer-algebra-systems
symbolic-computation,symbolic-computation
dialect,dialects
bug-reporting,bug-reports
assembly-references,assembly-reference
chicken-scheme,chicken
asm.js,asmjs
orthogonal,orthogonality
wake-on-lan,wol
iphone-3gs,3gs
noir,webnoir
eclipse-3.4,eclipse-ganymede
ps3,playstation3
data-generation,data-generators
computer-algebra-systems,computer-algebra-systems
computer-algebra-systems,symbolic-computation
eclipse-3.5,eclipse-galileo
no-duplicates,duplicate
no-duplicates,duplicate-entry
no-duplicates,duplicate-removal
no-duplicates,duplicate-data
no-duplicates,duplication
no-duplicates,deduplication
no-duplicates,no-duplicates
no-duplicates,duplicate-content
no-duplicates,duplicate-detection
no-duplicates,ignore-duplicates
amazon-fire-tv,fire-tv
file-uri,file-protocol
microsoft-cognitive,project-oxford
mit-scratch,scratch
berkeley-db-je,bdbje
clojure-core.logic,clojure.core.logic
manpage,man-pages
object-to-string,object-to-string
io.js,nodejs
io.js,io.js
soft-references,softreference
appcelerator-studio,appc-studio
method-resolution-order,mro
customer-account-data-api,customer-account-data
known-types,known-type
stellar.js,stellarjs
exchange-server-2003,exchange-2003
wordpress-theme-customize,wordpress-loop
wordpress-theme-customize,wordpress-plugin-dev
wordpress-theme-customize,wordpress-mu
wordpress-theme-customize,wordpress-filter
wordpress-theme-customize,wordpress-widget
wordpress-theme-customize,wordpress-permission
wordpress-theme-customize,wp-query
wordpress-theme-customize,wordpress-theme-customize
msp,msp
facebook-java-api,facebook-java-sdk
video-card,graphics-card
tde,transparentdataencryption
apache-coccoon,cocoon
.nettiers,nettiers
css-hack,css-hacks
lcds,livecycle-data-services
breeze-sharp,breeze#
vim-fugitive,fugitive.vim
java-9,jdk9
aec,acoustic-echo-cancellatio
crowd,crowd
shorthand-if,question-colon
shorthand-if,shorthand-if
shorthand-if,conditional-expressions
shorthand-if,inline-if
ibm-jazz,jazz
transpiler,source-to-source
muc,muc
java-collections-api,collection
java-collections-api,java-collections-api
ergonomics,ergonomic
ergonomics,ergonomy
columnstore,column-store-index
vertx3,vertx.io
vertx3,vertx
vertx3,vertx3
wcf-extensions,wcf-extensibility
language-construct,language-constructs
perl-critic,perlcritic
amazon-api,amazonapi
wtk,wtk
jsp-fragments,jsp-fragment
jsp-fragments,jsp-f
jsp-fragments,jspf
es2015,es6
es2015,ecmascript-2015
es2015,es2015
l2-cache,cache-l2
android-1.5-cupcake,cupcake
android-1.5-cupcake,android-cupcake
android-1.5-cupcake,android-1.5
year2038,y2k38
year2038,2038
efi,efi
android-2.0-eclair,android-eclair
android-2.0-eclair,android-2.0
ehcache-bigmemory,bigmemory
libqxt,qxt
duplicate-content,duplicate
duplicate-content,duplicate-entry
duplicate-content,duplicate-removal
duplicate-content,duplicate-data
duplicate-content,duplication
duplicate-content,deduplication
duplicate-content,no-duplicates
duplicate-content,duplicate-content
duplicate-content,duplicate-detection
duplicate-content,ignore-duplicates
java-wireless-toolkit,wtk
active-pattern,active-patterns
svn-reintegrate,reintegrate
deadlines,deadline
swift3,swift3.0
prism-2,prismv2
perl-tidy,perltidy
ibm-db2,ibm-db2
facebook-java-sdk,facebook-java-sdk
nameof,c#-nameof
msi-patch,msp
conditional-expressions,question-colon
conditional-expressions,shorthand-if
conditional-expressions,conditional-expressions
conditional-expressions,inline-if
android-1.6-donut,android-donut
android-1.6-donut,android-1.6
codeigniter-pagination,codeigniter-url
codeigniter-pagination,codeigniter-routing
codeigniter-pagination,codeigniter-form-helper
codeigniter-pagination,codeigniter-validation
codeigniter-pagination,codeigniter-activerecord
codeigniter-pagination,codeigniter-pagination
swift-array,array
swift-array,array-of-objects
swift-array,javascript-array
swift-array,jsonarray
swift-array,string-array
swift-array,char-array
swift-array,mongodb-arrays
swift-array,sub-arrays
swift-array,character-arrays
swift-array,swift-array
fsharpchart,f#-charting
atlassian-crowd,crowd
python-xarray,python-xray
case-study,case-studies
duplicate-detection,duplicate
duplicate-detection,duplicate-entry
duplicate-detection,duplicate-removal
duplicate-detection,duplicate-data
duplicate-detection,duplication
duplicate-detection,deduplication
duplicate-detection,no-duplicates
duplicate-detection,duplicate-content
duplicate-detection,duplicate-detection
duplicate-detection,ignore-duplicates
application-singleton,singleton-class
application-singleton,application-singleton
spec#,spec-sharp
css-expressions,css-expression
disposing,disposing
disposing,disposal
disposing,dispose-pattern
zeta-components,ezcomponents
ignore-duplicates,duplicate
ignore-duplicates,duplicate-entry
ignore-duplicates,duplicate-removal
ignore-duplicates,duplicate-data
ignore-duplicates,duplication
ignore-duplicates,deduplication
ignore-duplicates,no-duplicates
ignore-duplicates,duplicate-content
ignore-duplicates,duplicate-detection
ignore-duplicates,ignore-duplicates
f#-charting,f#-charting
coldfusion-6,coldfusion-mx
inline-if,question-colon
inline-if,shorthand-if
inline-if,conditional-expressions
inline-if,inline-if
delay-load,delay-loading
roassal,roasal
ecmascript-2015,es6
ecmascript-2015,ecmascript-2015
ecmascript-2015,es2015
python-nose,python-nose
python-nose,nosetests
libming,ming-library
agile-central,ca-ac
agile-central,agile-central
sightcall,weemo
cljx,clj
cljx,cljx
cljx,cljc
mlint,matlab-ide
mlint,matlab-path
mlint,matlab-toolbox
mlint,mlint
mlint,m-file
tutorials,tutorial
mu-law,u-law
